{
  "bid_delta": {
    "good": [
      -0.15222222222222223,
      0.14228297313608698
    ],
    "bad": [
      -0.10647058823529412,
      0.13425173895247952
    ]
  },
  "yes_dist": {
    "good": [
      -56.73888888888986,
      51.38984200317516
    ],
    "bad": [
      -88.55176470588134,
      85.42980561666124
    ]
  },
  "m3_log_return": {
    "good": [
      0.0003197268710172076,
      0.000196562368782156
    ],
    "bad": [
      0.0004110608988313041,
      0.0003246869075403677
    ]
  },
  "ma3_vs_strike": {
    "good": [
      -0.05035352266128644,
      0.06889022137715817
    ],
    "bad": [
      -0.0922487663763957,
      0.08959982626574327
    ]
  },
  "ma5_vs_strike": {
    "good": [
      -0.03533346053291394,
      0.05539471560862602
    ],
    "bad": [
      -0.07286415743777037,
      0.07337570496825947
    ]
  },
  "yes_dist_pct": {
    "good": [
      -0.07435120253943993,
      0.06714480014997021
    ],
    "bad": [
      -0.11555831698797336,
      0.11136012359192875
    ]
  },
  "time_decay": {
    "good": [
      5.777777777777778,
      2.6352313834736494
    ],
    "bad": [
      4.882352941176471,
      2.847270951570601
    ]
  },
  "hour": {
    "good": [
      10.88888888888889,
      1.2692955176439846
    ],
    "bad": [
      10.176470588235293,
      1.0862944585258114
    ]
  },
  "minute": {
    "good": [
      24.22222222222222,
      10.92906420717
    ],
    "bad": [
      33.05882352941177,
      15.501595570799855
    ]
  },
  "yes_spread": {
    "good": [
      0.007666666666666669,
      0.004924428900898055
    ],
    "bad": [
      0.005617647058823531,
      0.004585978008658589
    ]
  },
  "volume_surge": {
    "good": [
      1.1346268203918006,
      0.46172745663449694
    ],
    "bad": [
      1.2988804787161823,
      0.4202101959375795
    ]
  },
  "period": {
    "good": [
      0.20930232558139536
    ],
    "bad": [
      0.7906976744186046
    ]
  }
}