{
  "bid_std": {
    "good": [
      0.05551869136485644,
      0.03959390933742282
    ],
    "bad": [
      0.14202164912011886,
      0.10013451382278316
    ]
  },
  "log_return": {
    "good": [
      1.3120066927865888e-05,
      0.00033306754451020574
    ],
    "bad": [
      -0.00036494169821754793,
      0.0004441631194665841
    ]
  },
  "m3_log_return": {
    "good": [
      0.0002830137026006047,
      0.00015543394372929706
    ],
    "bad": [
      0.0005115971174848278,
      0.00041393473308045807
    ]
  },
  "m5_log_return": {
    "good": [
      0.00027138359618607895,
      0.00012090859339240252
    ],
    "bad": [
      0.0005079018720299936,
      0.000282650453974953
    ]
  },
  "m1_yes_dist_momentum": {
    "good": [
      1.1200000000026193,
      25.691137252631815
    ],
    "bad": [
      -28.062222222222772,
      34.110125382278305
    ]
  },
  "m5_yes_dist_momentum": {
    "good": [
      -64.17249999999694,
      65.80278685841313
    ],
    "bad": [
      -86.59444444444509,
      72.70699773929562
    ]
  },
  "time_decay": {
    "good": [
      5.75,
      2.8722813232690143
    ],
    "bad": [
      4.666666666666667,
      3.1059714782221377
    ]
  },
  "hour": {
    "good": [
      11.25,
      0.9574271077563381
    ],
    "bad": [
      10.88888888888889,
      0.8323523637957303
    ]
  },
  "yes_spread": {
    "good": [
      0.010250000000000009,
      0.007762087348130019
    ],
    "bad": [
      0.006277777777777779,
      0.005879231197794843
    ]
  },
  "period": {
    "good": [
      0.18181818181818182
    ],
    "bad": [
      0.8181818181818182
    ]
  }
}