{
  "ma3_vs_strike": {
    "good": [
      -0.05502554991346866,
      0.06534699062030032
    ],
    "bad": [
      -0.07801920120532012,
      0.08186435722357918
    ]
  },
  "ma5_vs_strike": {
    "good": [
      -0.038416123009839785,
      0.052047553036145194
    ],
    "bad": [
      -0.06277846438433961,
      0.06749388402790055
    ]
  },
  "time_decay": {
    "good": [
      6.7272727272727275,
      3.2891004572955533
    ],
    "bad": [
      5.163636363636364,
      3.004710107195506
    ]
  },
  "minute": {
    "good": [
      24.636363636363637,
      12.745765785332221
    ],
    "bad": [
      34.10909090909091,
      16.686291476308426
    ]
  },
  "yes_spread": {
    "good": [
      0.010727272727272731,
      0.005968097001405209
    ],
    "bad": [
      0.005618181818181821,
      0.0042578507406076304
    ]
  },
  "period": {
    "good": [
      0.16666666666666666
    ],
    "bad": [
      0.8333333333333334
    ]
  }
}